<?xml version="1.0" encoding="utf-8" ?>
<dwsync>
<file name="flag-cn-mini.png" server="D:/Data/GoogleDrive/Google Drive/Layout/Thuanchay/" local="129912640740000000" remote="129912640740000000" Dst="0" />
<file name="flag-cn.png" server="D:/Data/GoogleDrive/Google Drive/Layout/Thuanchay/" local="129912373260000000" remote="129912373260000000" Dst="0" />
<file name="flag-en-mini.png" server="D:/Data/GoogleDrive/Google Drive/Layout/Thuanchay/" local="129912630040000000" remote="129912630040000000" Dst="0" />
<file name="flag-en.png" server="D:/Data/GoogleDrive/Google Drive/Layout/Thuanchay/" local="129912627880000000" remote="129912627880000000" Dst="0" />
<file name="flag-es-mini.png" server="D:/Data/GoogleDrive/Google Drive/Layout/Thuanchay/" local="129912640980000000" remote="129912640980000000" Dst="0" />
<file name="flag-es.png" server="D:/Data/GoogleDrive/Google Drive/Layout/Thuanchay/" local="129912386240000000" remote="129912386240000000" Dst="0" />
<file name="flag-fr-mini.png" server="D:/Data/GoogleDrive/Google Drive/Layout/Thuanchay/" local="129912641300000000" remote="129912641300000000" Dst="0" />
<file name="flag-fr.png" server="D:/Data/GoogleDrive/Google Drive/Layout/Thuanchay/" local="129912375620000000" remote="129912375620000000" Dst="0" />
<file name="flag-ge-mini.png" server="D:/Data/GoogleDrive/Google Drive/Layout/Thuanchay/" local="129912641500000000" remote="129912641500000000" Dst="0" />
<file name="flag-ge.png" server="D:/Data/GoogleDrive/Google Drive/Layout/Thuanchay/" local="129912375120000000" remote="129912375120000000" Dst="0" />
<file name="flag-it-mini.png" server="D:/Data/GoogleDrive/Google Drive/Layout/Thuanchay/" local="129912640860000000" remote="129912640860000000" Dst="0" />
<file name="flag-it.png" server="D:/Data/GoogleDrive/Google Drive/Layout/Thuanchay/" local="129912384300000000" remote="129912384300000000" Dst="0" />
<file name="flag-jp-mini.png" server="D:/Data/GoogleDrive/Google Drive/Layout/Thuanchay/" local="129912641400000000" remote="129912641400000000" Dst="0" />
<file name="flag-jp.png" server="D:/Data/GoogleDrive/Google Drive/Layout/Thuanchay/" local="129912371920000000" remote="129912371920000000" Dst="0" />
<file name="flag-kr-mini.png" server="D:/Data/GoogleDrive/Google Drive/Layout/Thuanchay/" local="129912641100000000" remote="129912641100000000" Dst="0" />
<file name="flag-kr.png" server="D:/Data/GoogleDrive/Google Drive/Layout/Thuanchay/" local="129912372480000000" remote="129912372480000000" Dst="0" />
<file name="flag-ru-mini.png" server="D:/Data/GoogleDrive/Google Drive/Layout/Thuanchay/" local="129912641200000000" remote="129912641200000000" Dst="0" />
<file name="flag-ru.png" server="D:/Data/GoogleDrive/Google Drive/Layout/Thuanchay/" local="129912384400000000" remote="129912384400000000" Dst="0" />
<file name="flag-us-mini.png" server="D:/Data/GoogleDrive/Google Drive/Layout/Thuanchay/" local="129912640540000000" remote="129912640540000000" Dst="0" />
<file name="flag-us.png" server="D:/Data/GoogleDrive/Google Drive/Layout/Thuanchay/" local="129912377680000000" remote="129912377680000000" Dst="0" />
<file name="flag-vn-mini.png" server="D:/Data/GoogleDrive/Google Drive/Layout/Thuanchay/" local="129912640340000000" remote="129912640340000000" Dst="0" />
<file name="flag-vn.png" server="D:/Data/GoogleDrive/Google Drive/Layout/Thuanchay/" local="129912627960000000" remote="129912627960000000" Dst="0" />
</dwsync>