<?xml version="1.0" encoding="utf-8" ?>
<dwsync>
<file name="externallink.js" server="D:/Data/GoogleDrive/Google Drive/Layout/Thuanchay/" local="129319693820000000" remote="129319693820000000" Dst="0" />
<file name="gmap.js" server="D:/Data/GoogleDrive/Google Drive/Layout/Thuanchay/" local="130275098967071765" remote="130275098960000000" Dst="0" />
<file name="iepngfix.htc" server="D:/Data/GoogleDrive/Google Drive/Layout/Thuanchay/" local="129319693820000000" remote="129319693820000000" Dst="0" />
<file name="iepngfix_tilebg.js" server="D:/Data/GoogleDrive/Google Drive/Layout/Thuanchay/" local="129319693820000000" remote="129319693820000000" Dst="0" />
<file name="jquery-ui.min.js" server="D:/Data/GoogleDrive/Google Drive/Layout/Thuanchay/" local="130047702560000000" remote="130047702560000000" Dst="0" />
<file name="jquery.js" server="D:/Data/GoogleDrive/Google Drive/Layout/Thuanchay/" local="129319693820000000" remote="129319693820000000" Dst="0" />
<file name="jquery.min.js" server="D:/Data/GoogleDrive/Google Drive/Layout/Thuanchay/" local="130047702560000000" remote="130047702560000000" Dst="0" />
<file name="resizefont.js" server="D:/Data/GoogleDrive/Google Drive/Layout/Thuanchay/" local="130185032866836679" remote="130185032860000000" Dst="0" />
<file name="rollover.min.js" server="D:/Data/GoogleDrive/Google Drive/Layout/Thuanchay/" local="129319693820000000" remote="129319693820000000" Dst="0" />
<file name="webfont.js" server="D:/Data/GoogleDrive/Google Drive/Layout/Thuanchay/" local="129856623680000000" remote="129856623680000000" Dst="0" />
</dwsync>