<?xml version="1.0" encoding="utf-8" ?>
<dwsync>
<file name="apple-touch-icon-114x114-precomposed.png" server="D:/Data/GoogleDrive/Google Drive/Layout/Thuanchay/" local="130098121180000000" remote="130098121180000000" Dst="0" />
<file name="apple-touch-icon-114x114.png" server="D:/Data/GoogleDrive/Google Drive/Layout/Thuanchay/" local="129847173000000000" remote="129847173000000000" Dst="0" />
<file name="apple-touch-icon-144x144-precomposed.png" server="D:/Data/GoogleDrive/Google Drive/Layout/Thuanchay/" local="130098121180000000" remote="130098121180000000" Dst="0" />
<file name="apple-touch-icon-57x57-precomposed.png" server="D:/Data/GoogleDrive/Google Drive/Layout/Thuanchay/" local="130098121180000000" remote="130098121180000000" Dst="0" />
<file name="apple-touch-icon-72x72-precomposed.png" server="D:/Data/GoogleDrive/Google Drive/Layout/Thuanchay/" local="130098121180000000" remote="130098121180000000" Dst="0" />
<file name="apple-touch-icon-72x72.png" server="D:/Data/GoogleDrive/Google Drive/Layout/Thuanchay/" local="129847173000000000" remote="129847173000000000" Dst="0" />
<file name="apple-touch-icon-precomposed.png" server="D:/Data/GoogleDrive/Google Drive/Layout/Thuanchay/" local="130098121180000000" remote="130098121180000000" Dst="0" />
<file name="apple-touch-icon.png" server="D:/Data/GoogleDrive/Google Drive/Layout/Thuanchay/" local="130098121180000000" remote="130098121180000000" Dst="0" />
<file name="btn_readmore.png" server="D:/Data/GoogleDrive/Google Drive/Layout/Thuanchay/" local="130232721952388147" remote="130232721950000000" Dst="0" />
<file name="btn_readmore_off.png" server="D:/Data/GoogleDrive/Google Drive/Layout/Thuanchay/" local="130232721952388147" remote="130232721950000000" Dst="0" />
<file name="btn_readmore_on.png" server="D:/Data/GoogleDrive/Google Drive/Layout/Thuanchay/" local="130274899728822857" remote="130274899720000000" Dst="0" />
<file name="content_bg.png" server="D:/Data/GoogleDrive/Google Drive/Layout/Thuanchay/" local="130232713992682878" remote="130232713990000000" Dst="0" />
<file name="content_box.gif" server="D:/Data/GoogleDrive/Google Drive/Layout/Thuanchay/" local="130232713188886903" remote="130232713180000000" Dst="0" />
<file name="content_index_bg.png" server="D:/Data/GoogleDrive/Google Drive/Layout/Thuanchay/" local="130274910218652841" remote="130274910210000000" Dst="0" />
<file name="content_index_bot.png" server="D:/Data/GoogleDrive/Google Drive/Layout/Thuanchay/" local="130232710219487063" remote="130232710210000000" Dst="0" />
<file name="content_index_top.png" server="D:/Data/GoogleDrive/Google Drive/Layout/Thuanchay/" local="130232709010807931" remote="130232709010000000" Dst="0" />
<file name="content_line.png" server="D:/Data/GoogleDrive/Google Drive/Layout/Thuanchay/" local="130232713188226865" remote="130232713180000000" Dst="0" />
<file name="content_readmore_box.gif" server="D:/Data/GoogleDrive/Google Drive/Layout/Thuanchay/" local="130232721952938178" remote="130232721950000000" Dst="0" />
<file name="content_readmore_box_off.gif" server="D:/Data/GoogleDrive/Google Drive/Layout/Thuanchay/" local="130232721952938178" remote="130232721950000000" Dst="0" />
<file name="content_readmore_box_on.gif" server="D:/Data/GoogleDrive/Google Drive/Layout/Thuanchay/" local="130275006677253089" remote="130275006670000000" Dst="0" />
<file name="event_h2.png" server="D:/Data/GoogleDrive/Google Drive/Layout/Thuanchay/" local="130275019964603082" remote="130275019960000000" Dst="0" />
<file name="event_img_01.png" server="D:/Data/GoogleDrive/Google Drive/Layout/Thuanchay/" local="130274894263210242" remote="130274894260000000" Dst="0" />
<file name="event_img_02.png" server="D:/Data/GoogleDrive/Google Drive/Layout/Thuanchay/" local="130274903016000873" remote="130274903010000000" Dst="0" />
<file name="event_img_03.jpg" server="D:/Data/GoogleDrive/Google Drive/Layout/Thuanchay/" local="130275062238311000" remote="130275062230000000" Dst="0" />
<file name="event_img_03.png" server="D:/Data/GoogleDrive/Google Drive/Layout/Thuanchay/" local="130275134944129535" remote="130275134940000000" Dst="0" />
<file name="event_img_04.jpg" server="D:/Data/GoogleDrive/Google Drive/Layout/Thuanchay/" local="130275064092687064" remote="130275064090000000" Dst="0" />
<file name="event_img_04.png" server="D:/Data/GoogleDrive/Google Drive/Layout/Thuanchay/" local="130275136304167325" remote="130275136300000000" Dst="0" />
<file name="event_img_05.jpg" server="D:/Data/GoogleDrive/Google Drive/Layout/Thuanchay/" local="130275067106319434" remote="130275067100000000" Dst="0" />
<file name="event_img_06.jpg" server="D:/Data/GoogleDrive/Google Drive/Layout/Thuanchay/" local="130275067202764951" remote="130275067200000000" Dst="0" />
<file name="event_img_07.jpg" server="D:/Data/GoogleDrive/Google Drive/Layout/Thuanchay/" local="130275067288849874" remote="130275067280000000" Dst="0" />
<file name="event_img_08.jpg" server="D:/Data/GoogleDrive/Google Drive/Layout/Thuanchay/" local="130275070654072354" remote="130275070650000000" Dst="0" />
<file name="event_img_09.jpg" server="D:/Data/GoogleDrive/Google Drive/Layout/Thuanchay/" local="130275070718946065" remote="130275070710000000" Dst="0" />
<file name="event_img_10.jpg" server="D:/Data/GoogleDrive/Google Drive/Layout/Thuanchay/" local="130275070790330148" remote="130275070790000000" Dst="0" />
<file name="event_img_11.jpg" server="D:/Data/GoogleDrive/Google Drive/Layout/Thuanchay/" local="130275075555292688" remote="130275075550000000" Dst="0" />
<file name="event_img_12.jpg" server="D:/Data/GoogleDrive/Google Drive/Layout/Thuanchay/" local="130275075487558814" remote="130275075480000000" Dst="0" />
<file name="footer_bg.png" server="D:/Data/GoogleDrive/Google Drive/Layout/Thuanchay/" local="130232716381699522" remote="130232716380000000" Dst="0" />
<file name="footer_center_bg.gif" server="D:/Data/GoogleDrive/Google Drive/Layout/Thuanchay/" local="130232716380399447" remote="130232716380000000" Dst="0" />
<file name="footer_fb.png" server="D:/Data/GoogleDrive/Google Drive/Layout/Thuanchay/" local="130241346157927288" remote="130241346150000000" Dst="0" />
<file name="footer_icon.png" server="D:/Data/GoogleDrive/Google Drive/Layout/Thuanchay/" local="130241341802418167" remote="130241341800000000" Dst="0" />
<file name="footer_icon_hover.png" server="D:/Data/GoogleDrive/Google Drive/Layout/Thuanchay/" local="130241342137807351" remote="130241342130000000" Dst="0" />
<file name="footer_icon_hover2.png" server="D:/Data/GoogleDrive/Google Drive/Layout/Thuanchay/" local="130241354798421496" remote="130241354790000000" Dst="0" />
<file name="footer_line.png" server="D:/Data/GoogleDrive/Google Drive/Layout/Thuanchay/" local="130241338371911954" remote="130241338370000000" Dst="0" />
<file name="footer_logo.png" server="D:/Data/GoogleDrive/Google Drive/Layout/Thuanchay/" local="130232719519408988" remote="130232719510000000" Dst="0" />
<file name="footer_tel.png" server="D:/Data/GoogleDrive/Google Drive/Layout/Thuanchay/" local="130241334968387283" remote="130241334960000000" Dst="0" />
<file name="footer_tt.png" server="D:/Data/GoogleDrive/Google Drive/Layout/Thuanchay/" local="130241346273713911" remote="130241346270000000" Dst="0" />
<file name="footer_yt.png" server="D:/Data/GoogleDrive/Google Drive/Layout/Thuanchay/" local="130241349705000169" remote="130241349700000000" Dst="0" />
<file name="gnavi_hover.png" server="D:/Data/GoogleDrive/Google Drive/Layout/Thuanchay/" local="130232701932503075" remote="130232701930000000" Dst="0" />
<file name="gnavi_line.png" server="D:/Data/GoogleDrive/Google Drive/Layout/Thuanchay/" local="130241172714336882" remote="130241172710000000" Dst="0" />
<file name="h3.psd" server="D:/Data/GoogleDrive/Google Drive/Layout/Thuanchay/" local="130241376148792668" remote="130241376140000000" Dst="0" />
<file name="h3_01.psd" server="D:/Data/GoogleDrive/Google Drive/Layout/Thuanchay/" local="130232723701288178" remote="130232723700000000" Dst="0" />
<file name="header_bgall.png" server="D:/Data/GoogleDrive/Google Drive/Layout/Thuanchay/" local="130241165296282594" remote="130241165290000000" Dst="0" />
<file name="header_bgall_under.png" server="D:/Data/GoogleDrive/Google Drive/Layout/Thuanchay/" local="130241415952899332" remote="130241415950000000" Dst="0" />
<file name="header_content_bg.png" server="D:/Data/GoogleDrive/Google Drive/Layout/Thuanchay/" local="130241409338541013" remote="130241409330000000" Dst="0" />
<file name="header_index_bg.png" server="D:/Data/GoogleDrive/Google Drive/Layout/Thuanchay/" local="130241198361573820" remote="130241198360000000" Dst="0" />
<file name="header_logo.png" server="D:/Data/GoogleDrive/Google Drive/Layout/Thuanchay/" local="130232699701095446" remote="130232699700000000" Dst="0" />
<file name="header_slogan.png" server="D:/Data/GoogleDrive/Google Drive/Layout/Thuanchay/" local="130232699703115561" remote="130232699700000000" Dst="0" />
<file name="health_h2.png" server="D:/Data/GoogleDrive/Google Drive/Layout/Thuanchay/" local="130275021193923395" remote="130275021190000000" Dst="0" />
<file name="health_img_01.jpg" server="D:/Data/GoogleDrive/Google Drive/Layout/Thuanchay/" local="130275142148781617" remote="130275142140000000" Dst="0" />
<file name="health_img_01_min.jpg" server="D:/Data/GoogleDrive/Google Drive/Layout/Thuanchay/" local="130275141249080158" remote="130275141240000000" Dst="0" />
<file name="health_img_02.jpg" server="D:/Data/GoogleDrive/Google Drive/Layout/Thuanchay/" local="130275137772531310" remote="130275137770000000" Dst="0" />
<file name="health_img_02_min.jpg" server="D:/Data/GoogleDrive/Google Drive/Layout/Thuanchay/" local="130275139577754563" remote="130275139570000000" Dst="0" />
<file name="health_img_03.jpg" server="D:/Data/GoogleDrive/Google Drive/Layout/Thuanchay/" local="130275148129533697" remote="130275148120000000" Dst="0" />
<file name="health_img_03_min.jpg" server="D:/Data/GoogleDrive/Google Drive/Layout/Thuanchay/" local="130275148815372925" remote="130275148810000000" Dst="0" />
<file name="health_img_04.jpg" server="D:/Data/GoogleDrive/Google Drive/Layout/Thuanchay/" local="130275146367812932" remote="130275146360000000" Dst="0" />
<file name="health_img_04_min.jpg" server="D:/Data/GoogleDrive/Google Drive/Layout/Thuanchay/" local="130275146763415559" remote="130275146760000000" Dst="0" />
<file name="img.psd" server="D:/Data/GoogleDrive/Google Drive/Layout/Thuanchay/" local="130241397808891554" remote="130241397800000000" Dst="0" />
<file name="img_01.psd" server="D:/Data/GoogleDrive/Google Drive/Layout/Thuanchay/" local="130232724767999190" remote="130232724760000000" Dst="0" />
<file name="index.psd" server="D:/Data/GoogleDrive/Google Drive/Layout/Thuanchay/" local="130241209090917504" remote="130241209090000000" Dst="0" />
<file name="index.zip" server="D:/Data/GoogleDrive/Google Drive/Layout/Thuanchay/" local="130242048794869998" remote="130242048790000000" Dst="0" />
<file name="index_3none.png" server="D:/Data/GoogleDrive/Google Drive/Layout/Thuanchay/" local="130232706767279608" remote="130232706760000000" Dst="0" />
<file name="index_bg.png" server="D:/Data/GoogleDrive/Google Drive/Layout/Thuanchay/" local="130241212513033238" remote="130241212510000000" Dst="0" />
<file name="index_h3_01.png" server="D:/Data/GoogleDrive/Google Drive/Layout/Thuanchay/" local="130275153437857316" remote="130275153430000000" Dst="0" />
<file name="index_h3_02.png" server="D:/Data/GoogleDrive/Google Drive/Layout/Thuanchay/" local="130274944033056914" remote="130274944030000000" Dst="0" />
<file name="index_h3_03.png" server="D:/Data/GoogleDrive/Google Drive/Layout/Thuanchay/" local="130274939638705572" remote="130274939630000000" Dst="0" />
<file name="index_h3_04.png" server="D:/Data/GoogleDrive/Google Drive/Layout/Thuanchay/" local="130275155889317531" remote="130275155880000000" Dst="0" />
<file name="index_h3_05.png" server="D:/Data/GoogleDrive/Google Drive/Layout/Thuanchay/" local="130407308592219965" remote="130407308590000000" Dst="0" />
<file name="index_h3_06.png" server="D:/Data/GoogleDrive/Google Drive/Layout/Thuanchay/" local="130407322022258119" remote="130407322020000000" Dst="0" />
<file name="index_h4_01.png" server="D:/Data/GoogleDrive/Google Drive/Layout/Thuanchay/" local="130241388604395087" remote="130241388600000000" Dst="0" />
<file name="index_img01.png" server="D:/Data/GoogleDrive/Google Drive/Layout/Thuanchay/" local="130274949052233995" remote="130274949050000000" Dst="0" />
<file name="index_img02.png" server="D:/Data/GoogleDrive/Google Drive/Layout/Thuanchay/" local="130274949594224995" remote="130274949590000000" Dst="0" />
<file name="index_img_01.png" server="D:/Data/GoogleDrive/Google Drive/Layout/Thuanchay/" local="130241397447230869" remote="130241397440000000" Dst="0" />
<file name="index_slider.psd" server="D:/Data/GoogleDrive/Google Drive/Layout/Thuanchay/" local="130241435687608093" remote="130241435680000000" Dst="0" />
<file name="index_slider_00.png" server="D:/Data/GoogleDrive/Google Drive/Layout/Thuanchay/" local="130232707194574048" remote="130232707190000000" Dst="0" />
<file name="index_slider_01.png" server="D:/Data/GoogleDrive/Google Drive/Layout/Thuanchay/" local="130241434470278466" remote="130241434470000000" Dst="0" />
<file name="index_slider_02.png" server="D:/Data/GoogleDrive/Google Drive/Layout/Thuanchay/" local="130241435071722867" remote="130241435070000000" Dst="0" />
<file name="index_slider_03.png" server="D:/Data/GoogleDrive/Google Drive/Layout/Thuanchay/" local="130241435684687926" remote="130241435680000000" Dst="0" />
<file name="products_h2.png" server="D:/Data/GoogleDrive/Google Drive/Layout/Thuanchay/" local="130275019067181753" remote="130275019060000000" Dst="0" />
<file name="totop.png" server="D:/Data/GoogleDrive/Google Drive/Layout/Thuanchay/" local="130241240266320635" remote="130241240260000000" Dst="0" />
<file name="totop_off.png" server="D:/Data/GoogleDrive/Google Drive/Layout/Thuanchay/" local="130241240266320635" remote="130241240260000000" Dst="0" />
<file name="totop_on.png" server="D:/Data/GoogleDrive/Google Drive/Layout/Thuanchay/" local="130274910979196342" remote="130274910970000000" Dst="0" />
<file name="under_h2.png" server="D:/Data/GoogleDrive/Google Drive/Layout/Thuanchay/" local="130241421024919435" remote="130241421020000000" Dst="0" />
<file name="under_h2.psd" server="D:/Data/GoogleDrive/Google Drive/Layout/Thuanchay/" local="130241420941924688" remote="130241420940000000" Dst="0" />
</dwsync>